{"stats":{"minecraft:picked_up":{"minecraft:iron_chestplate":1,"minecraft:creeper_head":1,"minecraft:anvil":1,"minecraft:yellow_wool":4,"minecraft:potion":4,"minecraft:enchanted_book":6,"minecraft:golden_shovel":2,"minecraft:golden_sword":1,"minecraft:lapis_block":6,"minecraft:string":4,"lucky:lucky_potion":16,"minecraft:pufferfish":1,"minecraft:diamond_leggings":2,"minecraft:gold_nugget":16,"lucky:lucky_sword":4,"minecraft:bucket":3,"minecraft:red_dye":5,"minecraft:ender_eye":2,"minecraft:iron_pickaxe":5,"minecraft:enchanted_golden_apple":1,"minecraft:iron_boots":1,"minecraft:blue_wool":12,"minecraft:golden_helmet":1,"minecraft:stick":4,"minecraft:jukebox":1,"minecraft:brown_terracotta":2,"minecraft:acacia_log":3,"minecraft:porkchop":2,"minecraft:golden_axe":2,"minecraft:pink_terracotta":2,"minecraft:green_terracotta":6,"minecraft:golden_chestplate":1,"minecraft:rabbit_foot":5,"minecraft:quartz_block":47,"minecraft:rotten_flesh":2,"minecraft:light_blue_wool":4,"minecraft:blue_dye":4,"minecraft:cyan_terracotta":3,"minecraft:green_wool":16,"minecraft:bookshelf":12,"minecraft:white_terracotta":6,"minecraft:blaze_rod":10,"minecraft:obsidian":41,"minecraft:iron_bars":1,"minecraft:blaze_powder":2,"minecraft:sponge":1,"minecraft:feather":2,"minecraft:cooked_beef":185,"minecraft:magma_cream":10,"minecraft:water_bucket":3,"minecraft:brown_wool":6,"minecraft:golden_leggings":1,"minecraft:beacon":1,"minecraft:potato":351,"lucky:lucky_block":208,"minecraft:lapis_lazuli":9,"minecraft:magenta_terracotta":2,"minecraft:bone":7,"minecraft:gray_terracotta":4,"minecraft:wheat_seeds":13,"minecraft:diamond_helmet":3,"minecraft:ghast_tear":10,"minecraft:black_terracotta":15,"minecraft:cooked_porkchop":2,"minecraft:lime_terracotta":19,"minecraft:poisonous_potato":100,"minecraft:dropper":6,"minecraft:fermented_spider_eye":5,"minecraft:diamond_block":3,"minecraft:red_terracotta":5,"minecraft:orange_wool":4,"minecraft:iron_hoe":5,"minecraft:light_gray_terracotta":4,"minecraft:sugar":7,"minecraft:blue_terracotta":9,"minecraft:diamond":74,"minecraft:lever":1,"minecraft:golden_apple":6,"minecraft:emerald":38,"minecraft:chainmail_helmet":1,"minecraft:golden_horse_armor":2,"minecraft:bread":5,"minecraft:cyan_dye":5,"minecraft:jack_o_lantern":8,"minecraft:oak_sapling":1,"minecraft:nether_star":1,"minecraft:allium":9,"minecraft:azure_bluet":8,"minecraft:purple_wool":6,"minecraft:splash_potion":7,"minecraft:chicken":1,"minecraft:nether_wart":15,"minecraft:rabbit_stew":21,"minecraft:golden_pickaxe":1,"minecraft:pink_wool":10,"minecraft:diamond_horse_armor":1,"minecraft:cornflower":2,"minecraft:wooden_sword":2,"minecraft:quartz_slab":4,"minecraft:iron_shovel":5,"minecraft:magenta_wool":6,"minecraft:blue_orchid":9,"minecraft:beef":1,"minecraft:cyan_wool":6,"minecraft:player_head":1,"minecraft:poppy":12,"minecraft:light_gray_wool":6,"minecraft:quartz_stairs":16,"minecraft:spruce_trapdoor":5,"minecraft:diamond_hoe":1,"minecraft:egg":1,"minecraft:lime_wool":4,"minecraft:orange_dye":1,"minecraft:bowl":1,"minecraft:music_disc_mellohi":3,"minecraft:gray_dye":3,"minecraft:white_dye":2,"minecraft:cookie":17,"minecraft:trident":3,"minecraft:carrot":13,"minecraft:brown_dye":3,"minecraft:tnt":11,"minecraft:arrow":12,"minecraft:diamond_chestplate":1,"minecraft:pumpkin_pie":1,"minecraft:golden_hoe":1,"minecraft:diamond_boots":3,"minecraft:hay_block":8,"minecraft:yellow_terracotta":3,"minecraft:pink_tulip":9,"minecraft:glistering_melon_slice":15,"minecraft:saddle":10,"minecraft:gold_ingot":33,"minecraft:mutton":4,"minecraft:wet_sponge":1,"minecraft:skeleton_skull":1,"minecraft:white_wool":14,"minecraft:oxeye_daisy":13,"minecraft:purple_dye":7,"minecraft:golden_carrot":7,"minecraft:yellow_dye":9,"minecraft:chainmail_chestplate":1,"minecraft:golden_boots":1,"lucky:lucky_bow":1,"minecraft:orange_terracotta":7,"minecraft:cooked_mutton":3,"minecraft:coast_armor_trim_smithing_template":4,"minecraft:apple":2,"minecraft:iron_ingot":44,"minecraft:cooked_chicken":1,"minecraft:glass_bottle":2,"minecraft:iron_sword":1,"minecraft:green_dye":5,"minecraft:book":33,"minecraft:nether_quartz_ore":18,"minecraft:milk_bucket":2,"minecraft:emerald_block":1,"minecraft:pumpkin":12,"minecraft:red_wool":6,"minecraft:quartz":60,"minecraft:dandelion":23,"minecraft:lava_bucket":4,"minecraft:spider_eye":5,"minecraft:dragon_egg":1,"minecraft:lime_dye":6,"minecraft:chainmail_leggings":1,"minecraft:iron_helmet":1,"minecraft:gray_wool":8,"minecraft:baked_potato":301,"minecraft:black_wool":5,"minecraft:pink_dye":3,"minecraft:ender_pearl":15},"minecraft:crafted":{"minecraft:diamond":18},"minecraft:killed":{"minecraft:pig":2,"minecraft:sheep":1,"minecraft:donkey":1,"minecraft:rabbit":1},"minecraft:custom":{"minecraft:leave_game":8,"minecraft:time_since_death":330,"minecraft:damage_resisted":154,"minecraft:sprint_one_cm":292726,"minecraft:drop":191,"minecraft:talked_to_villager":3,"minecraft:play_time":72679,"minecraft:deaths":21,"minecraft:jump":1996,"minecraft:walk_on_water_one_cm":2156,"minecraft:open_enderchest":1,"minecraft:damage_dealt":2208,"minecraft:player_kills":2,"minecraft:crouch_one_cm":2382,"minecraft:horse_one_cm":8604,"minecraft:mob_kills":8,"minecraft:interact_with_anvil":2,"minecraft:climb_one_cm":1635,"minecraft:walk_one_cm":185908,"minecraft:sneak_time":1048,"minecraft:walk_under_water_one_cm":387,"minecraft:total_world_time":72679,"minecraft:interact_with_grindstone":1,"minecraft:time_since_rest":364,"minecraft:damage_taken":9466,"minecraft:damage_absorbed":402,"minecraft:fly_one_cm":532677,"minecraft:swim_one_cm":1834,"minecraft:open_chest":10,"minecraft:fall_one_cm":54185},"minecraft:used":{"minecraft:blue_terracotta":9,"minecraft:iron_shovel":1,"minecraft:white_terracotta":6,"minecraft:iron_sword":41,"minecraft:creeper_head":1,"minecraft:quartz_stairs":2,"minecraft:player_head":1,"minecraft:carrot":2,"minecraft:obsidian":1,"minecraft:lava_bucket":1,"lucky:lucky_block":126,"minecraft:quartz_block":6,"minecraft:wet_sponge":1,"minecraft:rabbit_stew":6,"minecraft:skeleton_skull":1,"lucky:lucky_potion":2,"minecraft:diamond_boots":3,"minecraft:leather_chestplate":1,"minecraft:chainmail_helmet":1,"minecraft:golden_apple":5,"minecraft:yellow_terracotta":3,"minecraft:sponge":1,"minecraft:bread":1,"minecraft:wooden_sword":1,"minecraft:trident":46,"minecraft:iron_bars":1,"minecraft:dragon_egg":1,"minecraft:chainmail_chestplate":1,"minecraft:diamond_helmet":1,"minecraft:spawner":1,"minecraft:diamond_chestplate":1,"minecraft:golden_carrot":2,"minecraft:cooked_beef":6,"minecraft:orange_terracotta":4,"minecraft:enchanted_golden_apple":1,"minecraft:golden_axe":1,"minecraft:water_bucket":4,"minecraft:baked_potato":8,"minecraft:beacon":1,"lucky:lucky_sword":48,"minecraft:lime_terracotta":29,"minecraft:iron_pickaxe":13,"minecraft:map":1,"minecraft:spruce_trapdoor":1,"minecraft:potion":1,"minecraft:bucket":4,"minecraft:splash_potion":2,"minecraft:diamond_leggings":2,"minecraft:chainmail_leggings":1},"minecraft:mined":{"minecraft:frosted_ice":1,"minecraft:fire":3,"minecraft:azure_bluet":1,"minecraft:iron_bars":4,"minecraft:quartz_block":1,"minecraft:glass":1,"minecraft:lapis_block":2,"minecraft:tnt":5,"minecraft:grass":18,"minecraft:diamond_block":3,"minecraft:wet_sponge":1,"lucky:lucky_block":109,"minecraft:tall_grass":11},"minecraft:killed_by":{"minecraft:zombie":1,"minecraft:player":1,"minecraft:slime":3},"minecraft:dropped":{"minecraft:iron_sword":1,"minecraft:orange_dye":1,"minecraft:cooked_beef":31,"minecraft:baked_potato":105,"minecraft:golden_pickaxe":1,"minecraft:glass_bottle":1,"minecraft:diamond":20,"minecraft:nether_star":1,"minecraft:cooked_porkchop":2,"minecraft:lime_terracotta":1,"minecraft:cookie":17,"lucky:lucky_potion":3,"minecraft:red_wool":6,"minecraft:saddle":2,"minecraft:yellow_dye":9,"minecraft:cornflower":2,"minecraft:mutton":3,"minecraft:coast_armor_trim_smithing_template":2,"minecraft:jack_o_lantern":8,"minecraft:pumpkin_pie":1,"minecraft:wooden_sword":2,"minecraft:gold_nugget":7,"minecraft:sugar":7,"minecraft:glistering_melon_slice":3,"minecraft:purple_wool":6,"minecraft:fermented_spider_eye":1,"minecraft:white_wool":14,"minecraft:gray_dye":3,"minecraft:green_wool":16,"minecraft:pink_terracotta":2,"minecraft:emerald_block":1,"minecraft:diamond_block":1,"minecraft:lever":1,"minecraft:pink_dye":3,"minecraft:yellow_wool":4,"minecraft:blue_wool":12,"minecraft:lime_wool":4,"minecraft:rotten_flesh":2,"minecraft:black_terracotta":12,"minecraft:lime_dye":6,"minecraft:cooked_mutton":3,"minecraft:golden_shovel":2,"minecraft:azure_bluet":8,"minecraft:carrot":12,"minecraft:rabbit_foot":1,"minecraft:poppy":12,"minecraft:leather_chestplate":1,"minecraft:trident":1,"minecraft:quartz_block":6,"minecraft:white_dye":2,"minecraft:arrow":2,"minecraft:beef":1,"minecraft:ghast_tear":2,"minecraft:quartz":60,"minecraft:magenta_wool":6,"minecraft:egg":1,"minecraft:enchanted_book":3,"minecraft:iron_ingot":8,"minecraft:bread":3,"minecraft:wheat_seeds":13,"minecraft:tnt":8,"minecraft:golden_horse_armor":1,"minecraft:cyan_dye":5,"minecraft:diamond_leggings":1,"minecraft:poisonous_potato":100,"minecraft:golden_axe":1,"minecraft:feather":2,"minecraft:iron_helmet":1,"minecraft:book":11,"minecraft:apple":2,"minecraft:purple_dye":7,"minecraft:acacia_log":3,"minecraft:golden_apple":1,"minecraft:stick":3,"minecraft:pufferfish":1,"minecraft:oxeye_daisy":13,"minecraft:gray_wool":8,"minecraft:blue_dye":4,"minecraft:golden_carrot":7,"minecraft:green_dye":5,"minecraft:light_blue_wool":4,"minecraft:brown_wool":6,"minecraft:diamond_helmet":2,"minecraft:potion":1,"minecraft:pumpkin":12,"minecraft:golden_hoe":1,"minecraft:red_dye":5,"minecraft:bucket":2,"minecraft:dandelion":23,"minecraft:pink_tulip":9,"minecraft:anvil":1,"minecraft:brown_dye":3,"minecraft:nether_wart":3,"minecraft:blaze_rod":2,"minecraft:jukebox":1,"minecraft:bowl":7,"minecraft:diamond_hoe":1,"minecraft:chicken":1,"minecraft:light_gray_wool":6,"minecraft:iron_boots":1,"minecraft:orange_wool":4,"minecraft:red_terracotta":5,"minecraft:potato":287,"minecraft:cyan_wool":6,"minecraft:allium":9,"minecraft:spruce_trapdoor":4,"minecraft:orange_terracotta":3,"minecraft:iron_chestplate":1,"minecraft:quartz_stairs":12,"minecraft:pink_wool":10,"minecraft:oak_sapling":1,"minecraft:golden_sword":1,"minecraft:spider_eye":1,"minecraft:diamond_boots":1,"minecraft:rabbit_stew":1,"minecraft:blue_orchid":9,"minecraft:nether_quartz_ore":18,"minecraft:music_disc_mellohi":2,"minecraft:magma_cream":2,"minecraft:black_wool":5,"minecraft:quartz_slab":4}},"DataVersion":3578}