{"stats":{"minecraft:used":{"minecraft:quartz_block":1,"minecraft:spawner":1,"minecraft:lime_terracotta":2},"minecraft:picked_up":{"minecraft:rotten_flesh":2},"minecraft:custom":{"minecraft:jump":197,"minecraft:time_since_rest":5107,"minecraft:crouch_one_cm":637,"minecraft:damage_dealt":235,"minecraft:leave_game":1,"minecraft:sprint_one_cm":13280,"minecraft:play_time":5107,"minecraft:time_since_death":5107,"minecraft:walk_one_cm":6019,"minecraft:sneak_time":146,"minecraft:climb_one_cm":1635,"minecraft:total_world_time":5107,"minecraft:fall_one_cm":2503,"minecraft:drop":2,"minecraft:fly_one_cm":47505},"minecraft:dropped":{"minecraft:rotten_flesh":2}},"DataVersion":3578}