{"stats":{"minecraft:picked_up":{"minecraft:fishing_rod":1,"minecraft:music_disc_strad":1,"minecraft:slime_spawn_egg":1,"minecraft:allium":10,"minecraft:azure_bluet":22,"minecraft:chainmail_boots":1,"minecraft:splash_potion":2,"minecraft:ender_chest":2,"minecraft:nether_wart":3,"minecraft:anvil":2,"minecraft:golden_pickaxe":2,"minecraft:yellow_wool":7,"minecraft:redstone_lamp":8,"minecraft:diamond_sword":2,"minecraft:enchanted_book":8,"minecraft:golden_shovel":2,"minecraft:diamond_horse_armor":2,"minecraft:golden_sword":3,"minecraft:heavy_weighted_pressure_plate":1,"minecraft:cornflower":1,"lucky:lucky_potion":22,"minecraft:quartz_slab":24,"minecraft:sticky_piston":8,"minecraft:iron_shovel":2,"minecraft:blue_orchid":9,"minecraft:diamond_leggings":3,"minecraft:gold_nugget":1,"minecraft:bucket":1,"minecraft:light_weighted_pressure_plate":2,"minecraft:redstone_torch":16,"minecraft:poppy":11,"minecraft:enchanted_golden_apple":1,"minecraft:quartz_stairs":20,"minecraft:spruce_trapdoor":17,"minecraft:mule_spawn_egg":1,"minecraft:egg":1,"minecraft:stick":1,"minecraft:jukebox":1,"minecraft:squid_spawn_egg":1,"minecraft:torch":1,"minecraft:bowl":2,"minecraft:acacia_log":3,"minecraft:note_block":2,"minecraft:golden_axe":3,"minecraft:cake":4,"minecraft:stone_button":4,"minecraft:prismarine_crystals":5,"minecraft:drowned_spawn_egg":1,"minecraft:iron_horse_armor":4,"minecraft:stone_pressure_plate":4,"minecraft:tnt":12,"minecraft:quartz_block":46,"minecraft:stone_sword":1,"minecraft:arrow":57,"minecraft:rotten_flesh":13,"minecraft:golden_hoe":1,"minecraft:hay_block":16,"minecraft:yellow_terracotta":8,"minecraft:pink_tulip":9,"minecraft:glistering_melon_slice":4,"minecraft:bookshelf":12,"minecraft:saddle":5,"minecraft:gold_ingot":91,"minecraft:blaze_rod":5,"minecraft:mutton":1,"minecraft:iron_bars":6,"minecraft:white_wool":2,"minecraft:oxeye_daisy":8,"minecraft:sponge":4,"minecraft:elder_guardian_spawn_egg":1,"minecraft:leather_chestplate":1,"minecraft:magma_cream":2,"minecraft:repeater":16,"minecraft:golden_carrot":255,"minecraft:tripwire_hook":4,"minecraft:water_bucket":1,"minecraft:end_portal_frame":2,"minecraft:magenta_dye":4,"minecraft:oak_log":1,"minecraft:chainmail_chestplate":3,"minecraft:lapis_lazuli":61,"minecraft:magenta_terracotta":1,"lucky:lucky_bow":4,"minecraft:orange_terracotta":17,"minecraft:bone":3,"minecraft:apple":2,"minecraft:bow":2,"minecraft:wheat_seeds":3,"minecraft:iron_ingot":33,"minecraft:oak_fence_gate":2,"minecraft:diamond_helmet":1,"minecraft:glowstone_dust":1,"minecraft:iron_sword":1,"minecraft:oak_planks":11,"minecraft:axolotl_spawn_egg":1,"minecraft:ghast_tear":1,"minecraft:milk_bucket":1,"minecraft:nether_quartz_ore":58,"minecraft:cooked_porkchop":189,"minecraft:pumpkin":11,"minecraft:daylight_detector":2,"minecraft:lava_bucket":2,"minecraft:dandelion":24,"minecraft:quartz":93,"minecraft:lime_terracotta":2,"minecraft:oak_pressure_plate":4,"minecraft:poisonous_potato":13,"minecraft:dropper":8,"minecraft:enderman_spawn_egg":1,"minecraft:fermented_spider_eye":6,"minecraft:diamond_block":1,"minecraft:spider_eye":10,"minecraft:dragon_egg":1,"minecraft:polar_bear_spawn_egg":1,"minecraft:iron_hoe":1,"minecraft:skeleton_spawn_egg":1,"minecraft:diamond_shovel":1,"minecraft:husk_spawn_egg":1,"minecraft:dispenser":4,"minecraft:light_blue_terracotta":22,"minecraft:diamond":173,"minecraft:slime_block":104,"minecraft:stone_axe":1,"minecraft:lever":2,"minecraft:chainmail_leggings":5,"minecraft:painting":12,"minecraft:baked_potato":1,"minecraft:golden_apple":2,"minecraft:emerald":56,"minecraft:oak_button":4,"minecraft:golden_horse_armor":2,"minecraft:chainmail_helmet":4,"minecraft:parrot_spawn_egg":2,"minecraft:jack_o_lantern":10,"minecraft:diamond_pickaxe":1,"minecraft:coal":1,"minecraft:nether_star":2,"minecraft:hopper":8,"minecraft:ender_pearl":3},"minecraft:crafted":{"minecraft:diamond":9,"minecraft:diamond_helmet":1,"minecraft:diamond_leggings":2,"minecraft:diamond_boots":2,"minecraft:diamond_axe":1,"minecraft:diamond_chestplate":2},"minecraft:killed":{"minecraft:witch":3,"minecraft:spider":1,"minecraft:chicken":1,"minecraft:bat":1,"minecraft:creeper":1,"minecraft:sheep":1,"minecraft:zombie":5,"minecraft:wither_skeleton":4},"minecraft:custom":{"minecraft:interact_with_anvil":2,"minecraft:mob_kills":19,"minecraft:interact_with_crafting_table":3,"minecraft:eat_cake_slice":1,"minecraft:leave_game":6,"minecraft:time_since_death":1190,"minecraft:climb_one_cm":4833,"minecraft:damage_resisted":557,"minecraft:sprint_one_cm":193503,"minecraft:walk_one_cm":280486,"minecraft:drop":119,"minecraft:talked_to_villager":6,"minecraft:play_time":98203,"minecraft:deaths":26,"minecraft:sneak_time":408,"minecraft:jump":1197,"minecraft:walk_on_water_one_cm":941,"minecraft:total_world_time":98296,"minecraft:play_record":1,"minecraft:traded_with_villager":2,"minecraft:time_since_rest":1224,"minecraft:open_enderchest":1,"minecraft:damage_taken":9171,"minecraft:damage_absorbed":280,"minecraft:damage_dealt":4077,"minecraft:player_kills":1,"minecraft:fly_one_cm":600257,"minecraft:open_chest":11,"minecraft:crouch_one_cm":456,"minecraft:horse_one_cm":6048,"minecraft:fall_one_cm":19966},"minecraft:used":{"minecraft:netherite_sword":21,"minecraft:acacia_log":34,"minecraft:flint_and_steel":1,"minecraft:ender_chest":1,"minecraft:zombie_spawn_egg":2,"minecraft:quartz_stairs":7,"minecraft:dragon_egg":1,"minecraft:nether_quartz_ore":6,"minecraft:chainmail_chestplate":2,"minecraft:obsidian":15,"minecraft:bookshelf":1,"minecraft:quartz_pillar":1,"minecraft:quartz_slab":4,"lucky:lucky_block":136,"minecraft:slime_block":5,"minecraft:quartz_block":4,"minecraft:golden_sword":1,"minecraft:golden_carrot":8,"minecraft:bow":11,"lucky:lucky_potion":22,"minecraft:enchanted_golden_apple":1,"minecraft:baked_potato":1,"minecraft:oak_planks":6,"minecraft:ender_pearl":2,"minecraft:chainmail_helmet":2,"minecraft:diamond_axe":24,"minecraft:golden_apple":2,"minecraft:lime_terracotta":1,"minecraft:tnt":65,"minecraft:sponge":2,"minecraft:chiseled_quartz_block":3,"minecraft:cake":1,"minecraft:music_disc_strad":1,"minecraft:lever":1,"minecraft:heavy_weighted_pressure_plate":1,"minecraft:map":1,"minecraft:red_terracotta":1,"minecraft:spruce_trapdoor":1,"minecraft:stone_axe":52,"minecraft:diamond_sword":19,"minecraft:cooked_porkchop":3,"minecraft:end_portal_frame":2,"minecraft:diamond_leggings":2,"minecraft:jukebox":1,"minecraft:splash_potion":2,"minecraft:golden_pickaxe":3,"minecraft:chainmail_leggings":2},"minecraft:mined":{"minecraft:fire":1,"lucky:lucky_block":111,"minecraft:dandelion":1,"minecraft:glass":1,"minecraft:tall_grass":8,"minecraft:slime_block":122,"minecraft:yellow_wool":2,"minecraft:grass":25},"minecraft:killed_by":{"minecraft:player":2,"minecraft:creeper":2,"minecraft:slime":2,"minecraft:skeleton":2,"minecraft:zombie":2},"minecraft:dropped":{"minecraft:enchanted_book":1,"minecraft:iron_ingot":8,"minecraft:daylight_detector":1,"minecraft:ender_pearl":1,"minecraft:diamond":7,"lucky:lucky_block":208,"minecraft:golden_horse_armor":1,"minecraft:diamond_leggings":2,"minecraft:poisonous_potato":12,"minecraft:golden_axe":2,"minecraft:iron_horse_armor":2,"minecraft:saddle":3,"minecraft:quartz_pillar":1,"minecraft:acacia_log":3,"minecraft:stick":1,"minecraft:light_weighted_pressure_plate":1,"minecraft:oxeye_daisy":6,"minecraft:diamond_horse_armor":1,"minecraft:redstone_lamp":4,"minecraft:golden_carrot":54,"minecraft:sponge":1,"minecraft:mutton":1,"minecraft:coast_armor_trim_smithing_template":2,"minecraft:map":1,"minecraft:jack_o_lantern":1,"minecraft:diamond_helmet":1,"minecraft:golden_hoe":1,"minecraft:gold_nugget":4,"minecraft:glistering_melon_slice":4,"minecraft:fermented_spider_eye":6,"minecraft:iron_shovel":2,"minecraft:chainmail_leggings":2,"minecraft:fishing_rod":1,"minecraft:white_wool":2,"minecraft:dandelion":24,"minecraft:gold_ingot":64,"minecraft:note_block":1,"minecraft:anvil":1,"minecraft:lever":1,"minecraft:ender_chest":1,"minecraft:nether_wart":3,"minecraft:blaze_rod":5,"minecraft:chiseled_quartz_block":1,"minecraft:sticky_piston":4,"minecraft:yellow_wool":6,"minecraft:rotten_flesh":10,"minecraft:slime_block":61,"minecraft:azure_bluet":11,"minecraft:golden_shovel":2,"minecraft:filled_map":1,"minecraft:diamond_sword":1,"minecraft:poppy":9,"minecraft:oak_fence_gate":1,"minecraft:hay_block":8,"minecraft:oak_button":2,"minecraft:diamond_chestplate":1,"minecraft:spruce_trapdoor":5,"minecraft:orange_terracotta":9,"minecraft:dropper":4,"minecraft:quartz_stairs":7,"minecraft:quartz_block":1,"minecraft:cake":3,"minecraft:golden_sword":2,"minecraft:spider_eye":8,"minecraft:diamond_boots":1,"minecraft:blue_orchid":9,"minecraft:iron_bars":3,"minecraft:nether_quartz_ore":40,"minecraft:magma_cream":2,"minecraft:ghast_tear":1,"minecraft:quartz":1,"minecraft:magenta_terracotta":1,"minecraft:quartz_slab":20}},"DataVersion":3578}