{"stats":{"minecraft:used":{"minecraft:netherite_sword":14,"minecraft:quartz_pillar":1,"minecraft:flint_and_steel":1,"minecraft:quartz_block":4,"minecraft:chiseled_quartz_block":3,"minecraft:zombie_spawn_egg":2,"minecraft:obsidian":15},"minecraft:killed":{"minecraft:zombie":1,"minecraft:wither_skeleton":4},"minecraft:picked_up":{"minecraft:stone_sword":1,"minecraft:bone":3,"minecraft:coal":1},"minecraft:custom":{"minecraft:time_since_rest":5977,"minecraft:crouch_one_cm":40,"minecraft:play_time":5977,"minecraft:sprint_one_cm":6768,"minecraft:damage_taken":50,"minecraft:walk_one_cm":10524,"minecraft:sneak_time":38,"minecraft:mob_kills":5,"minecraft:drop":3,"minecraft:jump":47,"minecraft:damage_dealt":987,"minecraft:leave_game":3,"minecraft:time_since_death":5977,"minecraft:total_world_time":6070,"minecraft:climb_one_cm":96,"minecraft:fly_one_cm":10432},"minecraft:dropped":{"minecraft:quartz_pillar":1,"minecraft:chiseled_quartz_block":1,"minecraft:quartz_block":1}},"DataVersion":3578}