{"stats":{"minecraft:used":{"minecraft:netherite_sword":21,"minecraft:quartz_pillar":1,"minecraft:flint_and_steel":1,"minecraft:quartz_block":4,"minecraft:chiseled_quartz_block":3,"minecraft:zombie_spawn_egg":2,"minecraft:obsidian":15},"minecraft:killed":{"minecraft:zombie":3,"minecraft:wither_skeleton":4,"minecraft:creeper":1},"minecraft:picked_up":{"minecraft:stone_sword":1,"minecraft:bone":3,"minecraft:rotten_flesh":1,"minecraft:coal":1},"minecraft:custom":{"minecraft:time_since_rest":1723,"minecraft:deaths":2,"minecraft:crouch_one_cm":163,"minecraft:sprint_one_cm":13426,"minecraft:play_time":18021,"minecraft:damage_taken":50,"minecraft:walk_one_cm":20274,"minecraft:sneak_time":107,"minecraft:mob_kills":8,"minecraft:drop":4,"minecraft:jump":77,"minecraft:damage_dealt":1487,"minecraft:leave_game":4,"minecraft:time_since_death":1690,"minecraft:climb_one_cm":1990,"minecraft:total_world_time":18114,"minecraft:fly_one_cm":82256},"minecraft:dropped":{"minecraft:rotten_flesh":1,"minecraft:quartz_pillar":1,"minecraft:chiseled_quartz_block":1,"minecraft:quartz_block":1}},"DataVersion":3578}