{"stats":{"minecraft:used":{"minecraft:netherite_sword":21,"minecraft:quartz_pillar":1,"minecraft:flint_and_steel":1,"minecraft:quartz_block":4,"minecraft:chiseled_quartz_block":3,"minecraft:zombie_spawn_egg":2,"minecraft:obsidian":15},"minecraft:killed":{"minecraft:zombie":3,"minecraft:wither_skeleton":4,"minecraft:creeper":1},"minecraft:picked_up":{"minecraft:stone_sword":1,"minecraft:bone":3,"minecraft:rotten_flesh":2,"minecraft:coal":1},"minecraft:custom":{"minecraft:time_since_rest":10114,"minecraft:deaths":2,"minecraft:crouch_one_cm":163,"minecraft:sprint_one_cm":28299,"minecraft:play_time":26412,"minecraft:damage_taken":285,"minecraft:walk_one_cm":28879,"minecraft:sneak_time":107,"minecraft:mob_kills":8,"minecraft:drop":5,"minecraft:jump":149,"minecraft:damage_dealt":1487,"minecraft:leave_game":5,"minecraft:time_since_death":10081,"minecraft:climb_one_cm":4065,"minecraft:total_world_time":26505,"minecraft:fall_one_cm":1201,"minecraft:fly_one_cm":109306},"minecraft:dropped":{"minecraft:rotten_flesh":2,"minecraft:quartz_pillar":1,"minecraft:chiseled_quartz_block":1,"minecraft:quartz_block":1}},"DataVersion":3578}